ref_date,sector,value,yoy_pct
2019-03-01,All Retail Trade,7546738,NA
2019-03-01,Motor vehicle and parts dealers,2000289,NA
2019-03-01,Building material and garden equipment and supplies dealers,435464,NA
2019-03-01,Food and beverage retailers,1618155,NA
2019-03-01,"Furniture, home furnishings stores, electronics and appliances retailers",430793,NA
2019-03-01,General merchandise retailers,720979,NA
2019-03-01,Health and personal care retailers,578954,NA
2019-03-01,Gasoline stations and fuel vendors,793975,NA
2019-03-01,Clothing and clothing accessories retailers,395162,NA
2019-03-01,"Sporting goods, hobby, musical instrument, book retailers and news dealers",190544,NA
2019-03-01,Miscellaneous retailers,279909,NA
2019-04-01,All Retail Trade,7478757,NA
2019-04-01,Motor vehicle and parts dealers,1892675,NA
2019-04-01,Building material and garden equipment and supplies dealers,512440,NA
2019-04-01,Food and beverage retailers,1585787,NA
2019-04-01,"Furniture, home furnishings stores, electronics and appliances retailers",447217,NA
2019-04-01,General merchandise retailers,772985,NA
2019-04-01,Health and personal care retailers,553415,NA
2019-04-01,Gasoline stations and fuel vendors,792412,NA
2019-04-01,Clothing and clothing accessories retailers,369309,NA
2019-04-01,"Sporting goods, hobby, musical instrument, book retailers and news dealers",199196,NA
2019-04-01,Miscellaneous retailers,262047,NA
2019-05-01,All Retail Trade,8221289,NA
2019-05-01,Motor vehicle and parts dealers,2024647,NA
2019-05-01,Building material and garden equipment and supplies dealers,612521,NA
2019-05-01,Food and beverage retailers,1754966,NA
2019-05-01,"Furniture, home furnishings stores, electronics and appliances retailers",464873,NA
2019-05-01,General merchandise retailers,839080,NA
2019-05-01,Health and personal care retailers,564500,NA
2019-05-01,Gasoline stations and fuel vendors,918472,NA
2019-05-01,Clothing and clothing accessories retailers,436435,NA
2019-05-01,"Sporting goods, hobby, musical instrument, book retailers and news dealers",204724,NA
2019-05-01,Miscellaneous retailers,300105,NA
2019-06-01,All Retail Trade,7857997,NA
2019-06-01,Motor vehicle and parts dealers,1868381,NA
2019-06-01,Building material and garden equipment and supplies dealers,536062,NA
2019-06-01,Food and beverage retailers,1740553,NA
2019-06-01,"Furniture, home furnishings stores, electronics and appliances retailers",452546,NA
2019-06-01,General merchandise retailers,821180,NA
2019-06-01,Health and personal care retailers,556655,NA
2019-06-01,Gasoline stations and fuel vendors,830903,NA
2019-06-01,Clothing and clothing accessories retailers,424455,NA
2019-06-01,"Sporting goods, hobby, musical instrument, book retailers and news dealers",211744,NA
2019-06-01,Miscellaneous retailers,316227,NA
2019-07-01,All Retail Trade,7967639,NA
2019-07-01,Motor vehicle and parts dealers,1916312,NA
2019-07-01,Building material and garden equipment and supplies dealers,528305,NA
2019-07-01,Food and beverage retailers,1714870,NA
2019-07-01,"Furniture, home furnishings stores, electronics and appliances retailers",463221,NA
2019-07-01,General merchandise retailers,804008,NA
2019-07-01,Health and personal care retailers,595506,NA
2019-07-01,Gasoline stations and fuel vendors,895303,NA
2019-07-01,Clothing and clothing accessories retailers,419766,NA
2019-07-01,"Sporting goods, hobby, musical instrument, book retailers and news dealers",224856,NA
2019-07-01,Miscellaneous retailers,311832,NA
2019-08-01,All Retail Trade,8155044,NA
2019-08-01,Motor vehicle and parts dealers,1950564,NA
2019-08-01,Building material and garden equipment and supplies dealers,470107,NA
2019-08-01,Food and beverage retailers,1836874,NA
2019-08-01,"Furniture, home furnishings stores, electronics and appliances retailers",509486,NA
2019-08-01,General merchandise retailers,813376,NA
2019-08-01,Health and personal care retailers,585996,NA
2019-08-01,Gasoline stations and fuel vendors,871470,NA
2019-08-01,Clothing and clothing accessories retailers,424102,NA
2019-08-01,"Sporting goods, hobby, musical instrument, book retailers and news dealers",231887,NA
2019-08-01,Miscellaneous retailers,348336,NA
2019-09-01,All Retail Trade,7548892,NA
2019-09-01,Motor vehicle and parts dealers,1803661,NA
2019-09-01,Building material and garden equipment and supplies dealers,475310,NA
2019-09-01,Food and beverage retailers,1572857,NA
2019-09-01,"Furniture, home furnishings stores, electronics and appliances retailers",482659,NA
2019-09-01,General merchandise retailers,784498,NA
2019-09-01,Health and personal care retailers,572407,NA
2019-09-01,Gasoline stations and fuel vendors,798390,NA
2019-09-01,Clothing and clothing accessories retailers,404936,NA
2019-09-01,"Sporting goods, hobby, musical instrument, book retailers and news dealers",223771,NA
2019-09-01,Miscellaneous retailers,334207,NA
2019-10-01,All Retail Trade,7734984,NA
2019-10-01,Motor vehicle and parts dealers,1855307,NA
2019-10-01,Building material and garden equipment and supplies dealers,472009,NA
2019-10-01,Food and beverage retailers,1646297,NA
2019-10-01,"Furniture, home furnishings stores, electronics and appliances retailers",459919,NA
2019-10-01,General merchandise retailers,823276,NA
2019-10-01,Health and personal care retailers,586037,NA
2019-10-01,Gasoline stations and fuel vendors,825915,NA
2019-10-01,Clothing and clothing accessories retailers,420577,NA
2019-10-01,"Sporting goods, hobby, musical instrument, book retailers and news dealers",210645,NA
2019-10-01,Miscellaneous retailers,339084,NA
2019-11-01,All Retail Trade,7817732,NA
2019-11-01,Motor vehicle and parts dealers,1741125,NA
2019-11-01,Building material and garden equipment and supplies dealers,439996,NA
2019-11-01,Food and beverage retailers,1631352,NA
2019-11-01,"Furniture, home furnishings stores, electronics and appliances retailers",598708,NA
2019-11-01,General merchandise retailers,866979,NA
2019-11-01,Health and personal care retailers,595390,NA
2019-11-01,Gasoline stations and fuel vendors,742707,NA
2019-11-01,Clothing and clothing accessories retailers,503895,NA
2019-11-01,"Sporting goods, hobby, musical instrument, book retailers and news dealers",236124,NA
2019-11-01,Miscellaneous retailers,349061,NA
2019-12-01,All Retail Trade,8182528,NA
2019-12-01,Motor vehicle and parts dealers,1468801,NA
2019-12-01,Building material and garden equipment and supplies dealers,383956,NA
2019-12-01,Food and beverage retailers,1789689,NA
2019-12-01,"Furniture, home furnishings stores, electronics and appliances retailers",630456,NA
2019-12-01,General merchandise retailers,1014743,NA
2019-12-01,Health and personal care retailers,697539,NA
2019-12-01,Gasoline stations and fuel vendors,725901,NA
2019-12-01,Clothing and clothing accessories retailers,595410,NA
2019-12-01,"Sporting goods, hobby, musical instrument, book retailers and news dealers",320640,NA
2019-12-01,Miscellaneous retailers,393851,NA
2020-01-01,All Retail Trade,6664927,NA
2020-01-01,Motor vehicle and parts dealers,1482405,NA
2020-01-01,Building material and garden equipment and supplies dealers,347671,NA
2020-01-01,Food and beverage retailers,1563958,NA
2020-01-01,"Furniture, home furnishings stores, electronics and appliances retailers",405781,NA
2020-01-01,General merchandise retailers,647911,NA
2020-01-01,Health and personal care retailers,558006,NA
2020-01-01,Gasoline stations and fuel vendors,746585,NA
2020-01-01,Clothing and clothing accessories retailers,322397,NA
2020-01-01,"Sporting goods, hobby, musical instrument, book retailers and news dealers",199355,NA
2020-01-01,Miscellaneous retailers,313039,NA
2020-02-01,All Retail Trade,6744891,NA
2020-02-01,Motor vehicle and parts dealers,1495917,NA
2020-02-01,Building material and garden equipment and supplies dealers,380549,NA
2020-02-01,Food and beverage retailers,1542509,NA
2020-02-01,"Furniture, home furnishings stores, electronics and appliances retailers",406744,NA
2020-02-01,General merchandise retailers,708150,NA
2020-02-01,Health and personal care retailers,552019,NA
2020-02-01,Gasoline stations and fuel vendors,762294,NA
2020-02-01,Clothing and clothing accessories retailers,317839,NA
2020-02-01,"Sporting goods, hobby, musical instrument, book retailers and news dealers",200157,NA
2020-02-01,Miscellaneous retailers,297251,NA
2020-03-01,All Retail Trade,7040476,-6.708355318549552
2020-03-01,Motor vehicle and parts dealers,1359382,-32.040720115943245
2020-03-01,Building material and garden equipment and supplies dealers,490499,12.638243345029675
2020-03-01,Food and beverage retailers,1993879,23.219283690375757
2020-03-01,"Furniture, home furnishings stores, electronics and appliances retailers",405282,-5.921869668262946
2020-03-01,General merchandise retailers,813555,12.840318511357474
2020-03-01,Health and personal care retailers,608504,5.104032444719264
2020-03-01,Gasoline stations and fuel vendors,618751,-22.069208728234514
2020-03-01,Clothing and clothing accessories retailers,201248,-49.07202615636119
2020-03-01,"Sporting goods, hobby, musical instrument, book retailers and news dealers",175159,-8.074250566798224
2020-03-01,Miscellaneous retailers,330006,17.89760243507712
2020-04-01,All Retail Trade,5943613,-20.526726566995023
2020-04-01,Motor vehicle and parts dealers,1147891,-39.350865838033464
2020-04-01,Building material and garden equipment and supplies dealers,497568,-2.9021934275232253
2020-04-01,Food and beverage retailers,1834170,15.663074549104007
2020-04-01,"Furniture, home furnishings stores, electronics and appliances retailers",319306,-28.601551372152667
2020-04-01,General merchandise retailers,732065,-5.293763785843197
2020-04-01,Health and personal care retailers,499722,-9.702122277133796
2020-04-01,Gasoline stations and fuel vendors,394606,-50.20191516534328
2020-04-01,Clothing and clothing accessories retailers,97566,-73.58147242552984
2020-04-01,"Sporting goods, hobby, musical instrument, book retailers and news dealers",124232,-37.63328580895199
2020-04-01,Miscellaneous retailers,277778,6.003121577426951
2020-05-01,All Retail Trade,7319615,-10.967550222355637
2020-05-01,Motor vehicle and parts dealers,1608185,-20.56961040615969
2020-05-01,Building material and garden equipment and supplies dealers,644822,5.273451848997834
2020-05-01,Food and beverage retailers,1968594,12.172771438307063
2020-05-01,"Furniture, home furnishings stores, electronics and appliances retailers",389083,-16.303377481591752
2020-05-01,General merchandise retailers,919609,9.597297039614826
2020-05-01,Health and personal care retailers,574446,1.7619131975199265
2020-05-01,Gasoline stations and fuel vendors,504722,-45.04764434843958
2020-05-01,Clothing and clothing accessories retailers,180556,-58.62934915852303
2020-05-01,"Sporting goods, hobby, musical instrument, book retailers and news dealers",172467,-15.756335358824568
2020-05-01,Miscellaneous retailers,318673,6.187167824594719
2020-06-01,All Retail Trade,8095529,3.022805938968931
2020-06-01,Motor vehicle and parts dealers,1963882,5.111430698556663
2020-06-01,Building material and garden equipment and supplies dealers,578673,7.948893971219739
2020-06-01,Food and beverage retailers,1866355,7.227702919704249
2020-06-01,"Furniture, home furnishings stores, electronics and appliances retailers",495694,9.534500360184373
2020-06-01,General merchandise retailers,905199,10.231496139701402
2020-06-01,Health and personal care retailers,565043,1.5068579281601657
2020-06-01,Gasoline stations and fuel vendors,725154,-12.7269970140919
2020-06-01,Clothing and clothing accessories retailers,331451,-21.911392255951746
2020-06-01,"Sporting goods, hobby, musical instrument, book retailers and news dealers",227204,7.3012694574580594
2020-06-01,Miscellaneous retailers,354461,12.090681693846506
2020-07-01,All Retail Trade,8473735,6.351894206050246
2020-07-01,Motor vehicle and parts dealers,1928252,0.6230718171153837
2020-07-01,Building material and garden equipment and supplies dealers,598651,13.315414391308057
2020-07-01,Food and beverage retailers,2050441,19.56830546921924
2020-07-01,"Furniture, home furnishings stores, electronics and appliances retailers",518772,11.992331953862202
2020-07-01,General merchandise retailers,937334,16.582670819195823
2020-07-01,Health and personal care retailers,588954,-1.1002408036191125
2020-07-01,Gasoline stations and fuel vendors,825369,-7.811210282999159
2020-07-01,Clothing and clothing accessories retailers,354726,-15.494346850388075
2020-07-01,"Sporting goods, hobby, musical instrument, book retailers and news dealers",230980,2.7235208311096937
2020-07-01,Miscellaneous retailers,348184,11.65755919854281
2020-08-01,All Retail Trade,8296003,1.7284885280815177
2020-08-01,Motor vehicle and parts dealers,1792183,-8.119754081383645
2020-08-01,Building material and garden equipment and supplies dealers,567264,20.66699708789701
2020-08-01,Food and beverage retailers,2006284,9.222733840208974
2020-08-01,"Furniture, home furnishings stores, electronics and appliances retailers",518862,1.8402860922576814
2020-08-01,General merchandise retailers,893287,9.82460756157053
2020-08-01,Health and personal care retailers,605662,3.3559956040655647
2020-08-01,Gasoline stations and fuel vendors,795861,-8.676030155943405
2020-08-01,Clothing and clothing accessories retailers,377441,-11.002306049016507
2020-08-01,"Sporting goods, hobby, musical instrument, book retailers and news dealers",237216,2.2981020928297013
2020-08-01,Miscellaneous retailers,402086,15.430503881309999
2020-09-01,All Retail Trade,8364999,10.810950799137142
2020-09-01,Motor vehicle and parts dealers,2049399,13.624400594124953
2020-09-01,Building material and garden equipment and supplies dealers,596780,25.555952957017535
2020-09-01,Food and beverage retailers,1838996,16.9207372316746
2020-09-01,"Furniture, home furnishings stores, electronics and appliances retailers",556627,15.325105302086971
2020-09-01,General merchandise retailers,874444,11.465421199289217
2020-09-01,Health and personal care retailers,605022,5.697868824105923
2020-09-01,Gasoline stations and fuel vendors,752431,-5.756459875499442
2020-09-01,Clothing and clothing accessories retailers,369426,-8.769286998439263
2020-09-01,"Sporting goods, hobby, musical instrument, book retailers and news dealers",233589,4.387521171197339
2020-09-01,Miscellaneous retailers,394425,18.01817436498936
2020-10-01,All Retail Trade,8585523,10.996002060249888
2020-10-01,Motor vehicle and parts dealers,2088596,12.574145410975103
2020-10-01,Building material and garden equipment and supplies dealers,600942,27.315792707342435
2020-10-01,Food and beverage retailers,1941598,17.937285921070135
2020-10-01,"Furniture, home furnishings stores, electronics and appliances retailers",533959,16.098486907477195
2020-10-01,General merchandise retailers,920368,11.793371846136647
2020-10-01,Health and personal care retailers,575134,-1.8604627352880487
2020-10-01,Gasoline stations and fuel vendors,761928,-7.7474074208604975
2020-10-01,Clothing and clothing accessories retailers,428600,1.9076173922967676
2020-10-01,"Sporting goods, hobby, musical instrument, book retailers and news dealers",262251,24.499038666951513
2020-10-01,Miscellaneous retailers,380297,12.154215474631647
2020-11-01,All Retail Trade,8402494,7.479944311214548
2020-11-01,Motor vehicle and parts dealers,1770834,1.7063105750592333
2020-11-01,Building material and garden equipment and supplies dealers,522253,18.6949426812971
2020-11-01,Food and beverage retailers,1855103,13.71567877441533
2020-11-01,"Furniture, home furnishings stores, electronics and appliances retailers",684571,14.341381775423079
2020-11-01,General merchandise retailers,1000547,15.406140171791938
2020-11-01,Health and personal care retailers,649034,9.009892675389231
2020-11-01,Gasoline stations and fuel vendors,651683,-12.25570783633384
2020-11-01,Clothing and clothing accessories retailers,460966,-8.519433612161265
2020-11-01,"Sporting goods, hobby, musical instrument, book retailers and news dealers",302648,28.17333265572326
2020-11-01,Miscellaneous retailers,405394,16.138439986134223
2020-12-01,All Retail Trade,8984636,9.80269178425055
2020-12-01,Motor vehicle and parts dealers,1789136,21.809285260562874
2020-12-01,Building material and garden equipment and supplies dealers,507753,32.24249653606142
2020-12-01,Food and beverage retailers,2079890,16.215163640163176
2020-12-01,"Furniture, home furnishings stores, electronics and appliances retailers",749003,18.803374065755584
2020-12-01,General merchandise retailers,1072305,5.672569310653053
2020-12-01,Health and personal care retailers,733078,5.094912255802186
2020-12-01,Gasoline stations and fuel vendors,607447,-16.318203170955815
2020-12-01,Clothing and clothing accessories retailers,491764,-17.407500713793855
2020-12-01,"Sporting goods, hobby, musical instrument, book retailers and news dealers",344236,7.359031936127747
2020-12-01,Miscellaneous retailers,454981,15.52109808023847
2021-01-01,All Retail Trade,7575282,13.658889287159482
2021-01-01,Motor vehicle and parts dealers,1763098,18.934973910638455
2021-01-01,Building material and garden equipment and supplies dealers,501091,44.12792553879961
2021-01-01,Food and beverage retailers,1775457,13.523317122326816
2021-01-01,"Furniture, home furnishings stores, electronics and appliances retailers",510132,25.71608823478675
2021-01-01,General merchandise retailers,754362,16.42988002981891
2021-01-01,Health and personal care retailers,634734,13.750389780755047
2021-01-01,Gasoline stations and fuel vendors,664720,-10.965261825512162
2021-01-01,Clothing and clothing accessories retailers,294418,-8.678430630557976
2021-01-01,"Sporting goods, hobby, musical instrument, book retailers and news dealers",216790,8.745704898297003
2021-01-01,Miscellaneous retailers,380288,21.482626765355107
2021-02-01,All Retail Trade,7337680,8.788711337218057
2021-02-01,Motor vehicle and parts dealers,1730069,15.652740091863393
2021-02-01,Building material and garden equipment and supplies dealers,479173,25.916242060812134
2021-02-01,Food and beverage retailers,1672471,8.425364130776547
2021-02-01,"Furniture, home furnishings stores, electronics and appliances retailers",451586,11.024624825443041
2021-02-01,General merchandise retailers,784241,10.745039892678099
2021-02-01,Health and personal care retailers,578015,4.709258195822974
2021-02-01,Gasoline stations and fuel vendors,680972,-10.668062453594018
2021-02-01,Clothing and clothing accessories retailers,292210,-8.063516434421203
2021-02-01,"Sporting goods, hobby, musical instrument, book retailers and news dealers",200176,0.009492548349543384
2021-02-01,Miscellaneous retailers,379825,27.779216890775803
2021-03-01,All Retail Trade,8698896,23.55550959906687
2021-03-01,Motor vehicle and parts dealers,2193331,61.34765650861935
2021-03-01,Building material and garden equipment and supplies dealers,702084,43.1366832552156
2021-03-01,Food and beverage retailers,1797115,-9.868402245071039
2021-03-01,"Furniture, home furnishings stores, electronics and appliances retailers",513113,26.606412325245145
2021-03-01,General merchandise retailers,891916,9.631924086263366
2021-03-01,Health and personal care retailers,660351,8.52040413867452
2021-03-01,Gasoline stations and fuel vendors,851268,37.57844431766575
2021-03-01,Clothing and clothing accessories retailers,354514,76.15777548099858
2021-03-01,"Sporting goods, hobby, musical instrument, book retailers and news dealers",242000,38.1601858882501
2021-03-01,Miscellaneous retailers,406169,23.07927734647248
2021-04-01,All Retail Trade,8820307,48.39975281028559
2021-04-01,Motor vehicle and parts dealers,2275561,98.23842159229403
2021-04-01,Building material and garden equipment and supplies dealers,743386,49.40390057238409
2021-04-01,Food and beverage retailers,1836673,0.13646499506589915
2021-04-01,"Furniture, home furnishings stores, electronics and appliances retailers",485013,51.89598692163631
2021-04-01,General merchandise retailers,950748,29.872074201061373
2021-04-01,Health and personal care retailers,606259,21.319253504948744
2021-04-01,Gasoline stations and fuel vendors,854979,116.66649772177817
2021-04-01,Clothing and clothing accessories retailers,354097,262.93073406719554
2021-04-01,"Sporting goods, hobby, musical instrument, book retailers and news dealers",248749,100.22940949191836
2021-04-01,Miscellaneous retailers,381320,37.27509017992785
2021-05-01,All Retail Trade,9158833,25.12725054528142
2021-05-01,Motor vehicle and parts dealers,2277351,41.61001377329101
2021-05-01,Building material and garden equipment and supplies dealers,793349,23.033798474617797
2021-05-01,Food and beverage retailers,1945917,-1.151938896491611
2021-05-01,"Furniture, home furnishings stores, electronics and appliances retailers",544543,39.955485076448994
2021-05-01,General merchandise retailers,1011956,10.041985235029237
2021-05-01,Health and personal care retailers,621142,8.12887547306449
2021-05-01,Gasoline stations and fuel vendors,844221,67.2645535562151
2021-05-01,Clothing and clothing accessories retailers,361365,100.14012273200557
2021-05-01,"Sporting goods, hobby, musical instrument, book retailers and news dealers",250989,45.52870984014332
2021-05-01,Miscellaneous retailers,409234,28.418159053324253
2021-06-01,All Retail Trade,9206753,13.726391443968634
2021-06-01,Motor vehicle and parts dealers,2384773,21.431582956613493
2021-06-01,Building material and garden equipment and supplies dealers,700953,21.131105131913873
2021-06-01,Food and beverage retailers,1895117,1.5410787336814336
2021-06-01,"Furniture, home furnishings stores, electronics and appliances retailers",530670,7.055965979011236
2021-06-01,General merchandise retailers,974605,7.6674852711945185
2021-06-01,Health and personal care retailers,623354,10.319745576885309
2021-06-01,Gasoline stations and fuel vendors,865115,19.300865747137852
2021-06-01,Clothing and clothing accessories retailers,452443,36.5037366005835
2021-06-01,"Sporting goods, hobby, musical instrument, book retailers and news dealers",246411,8.453636379641205
2021-06-01,Miscellaneous retailers,421616,18.945666801143133
2021-07-01,All Retail Trade,9231898,8.947211589694515
2021-07-01,Motor vehicle and parts dealers,2265564,17.493149235680818
2021-07-01,Building material and garden equipment and supplies dealers,628280,4.949294330085485
2021-07-01,Food and beverage retailers,2018967,-1.5349868638014907
2021-07-01,"Furniture, home furnishings stores, electronics and appliances retailers",536458,3.4092048144464204
2021-07-01,General merchandise retailers,985897,5.18097071054715
2021-07-01,Health and personal care retailers,597385,1.4315209676816876
2021-07-01,Gasoline stations and fuel vendors,998685,20.99860789537771
2021-07-01,Clothing and clothing accessories retailers,424330,19.62190535793824
2021-07-01,"Sporting goods, hobby, musical instrument, book retailers and news dealers",243281,5.3255693133604565
2021-07-01,Miscellaneous retailers,432783,24.29721067022035
2021-08-01,All Retail Trade,8964448,8.057434405460073
2021-08-01,Motor vehicle and parts dealers,2192736,22.350005551888398
2021-08-01,Building material and garden equipment and supplies dealers,567508,0.043013482258702496
2021-08-01,Food and beverage retailers,1892363,-5.67820906711114
2021-08-01,"Furniture, home furnishings stores, electronics and appliances retailers",533399,2.8017083540517573
2021-08-01,General merchandise retailers,959152,7.37333018391626
2021-08-01,Health and personal care retailers,597231,-1.3920305384851672
2021-08-01,Gasoline stations and fuel vendors,986239,23.921011332380914
2021-08-01,Clothing and clothing accessories retailers,424023,12.341531524132243
2021-08-01,"Sporting goods, hobby, musical instrument, book retailers and news dealers",244725,3.1654694455685917
2021-08-01,Miscellaneous retailers,451938,12.398342643116145
2021-09-01,All Retail Trade,8785290,5.024399883371178
2021-09-01,Motor vehicle and parts dealers,2122792,3.5811962433864863
2021-09-01,Building material and garden equipment and supplies dealers,579437,-2.9060960487952037
2021-09-01,Food and beverage retailers,1856508,0.9522587324822807
2021-09-01,"Furniture, home furnishings stores, electronics and appliances retailers",549168,-1.3400356073277053
2021-09-01,General merchandise retailers,952630,8.941224366568923
2021-09-01,Health and personal care retailers,615297,1.698285351607054
2021-09-01,Gasoline stations and fuel vendors,870794,15.730744746029867
2021-09-01,Clothing and clothing accessories retailers,437277,18.366601159636843
2021-09-01,"Sporting goods, hobby, musical instrument, book retailers and news dealers",243794,4.368784488995625
2021-09-01,Miscellaneous retailers,450920,14.323382138556129
2021-10-01,All Retail Trade,8831858,2.8691903801317586
2021-10-01,Motor vehicle and parts dealers,2066890,-1.0392627391798137
2021-10-01,Building material and garden equipment and supplies dealers,549837,-8.504148486875607
2021-10-01,Food and beverage retailers,1925668,-0.8204581998951355
2021-10-01,"Furniture, home furnishings stores, electronics and appliances retailers",533676,-0.053000323994911724
2021-10-01,General merchandise retailers,1019295,10.748635328477295
2021-10-01,Health and personal care retailers,611231,6.2762764851321595
2021-10-01,Gasoline stations and fuel vendors,883833,15.999543263930448
2021-10-01,Clothing and clothing accessories retailers,450591,5.130891273915061
2021-10-01,"Sporting goods, hobby, musical instrument, book retailers and news dealers",255696,-2.4995138245421322
2021-10-01,Miscellaneous retailers,431059,13.347988545794465
2021-11-01,All Retail Trade,8815876,4.919753587446785
2021-11-01,Motor vehicle and parts dealers,1910423,7.882669973583067
2021-11-01,Building material and garden equipment and supplies dealers,515344,-1.32292203204194
2021-11-01,Food and beverage retailers,1836072,-1.0258729569193714
2021-11-01,"Furniture, home furnishings stores, electronics and appliances retailers",654155,-4.443074567868055
2021-11-01,General merchandise retailers,1069989,6.940403599231226
2021-11-01,Health and personal care retailers,653094,0.6255450407836927
2021-11-01,Gasoline stations and fuel vendors,842599,29.2958386209246
2021-11-01,Clothing and clothing accessories retailers,514090,11.524494214323845
2021-11-01,"Sporting goods, hobby, musical instrument, book retailers and news dealers",282508,-6.654595437604083
2021-11-01,Miscellaneous retailers,420549,3.738338505256622
2021-12-01,All Retail Trade,9225918,2.685495550404049
2021-12-01,Motor vehicle and parts dealers,1779572,-0.53455969808891
2021-12-01,Building material and garden equipment and supplies dealers,455180,-10.354050099162393
2021-12-01,Food and beverage retailers,2083629,0.17976912240551535
2021-12-01,"Furniture, home furnishings stores, electronics and appliances retailers",672908,-10.159505369137378
2021-12-01,General merchandise retailers,1159921,8.170809611071483
2021-12-01,Health and personal care retailers,738260,0.7068824872660251
2021-12-01,Gasoline stations and fuel vendors,758424,24.854349432954635
2021-12-01,Clothing and clothing accessories retailers,599565,21.92128744682409
2021-12-01,"Sporting goods, hobby, musical instrument, book retailers and news dealers",329115,-4.392625989146981
2021-12-01,Miscellaneous retailers,473609,4.094236902200321
2022-01-01,All Retail Trade,7547939,-0.36095025901345945
2022-01-01,Motor vehicle and parts dealers,1773503,0.5901543759904371
2022-01-01,Building material and garden equipment and supplies dealers,402035,-19.76806607981385
2022-01-01,Food and beverage retailers,1675580,-5.625424890605634
2022-01-01,"Furniture, home furnishings stores, electronics and appliances retailers",491749,-3.6035771133745786
2022-01-01,General merchandise retailers,801182,6.206569259851369
2022-01-01,Health and personal care retailers,588852,-7.228539829282821
2022-01-01,Gasoline stations and fuel vendors,747188,12.406426766157175
2022-01-01,Clothing and clothing accessories retailers,354758,20.49467084213601
2022-01-01,"Sporting goods, hobby, musical instrument, book retailers and news dealers",216141,-0.29936805203192307
2022-01-01,Miscellaneous retailers,416458,9.51121255469538
2022-02-01,All Retail Trade,7468758,1.7863684434317184
2022-02-01,Motor vehicle and parts dealers,1748087,1.0414613521194882
2022-02-01,Building material and garden equipment and supplies dealers,471615,-1.577300891327349
2022-02-01,Food and beverage retailers,1610565,-3.701469263144175
2022-02-01,"Furniture, home furnishings stores, electronics and appliances retailers",467898,3.6121580385574337
2022-02-01,General merchandise retailers,818465,4.363964648622054
2022-02-01,Health and personal care retailers,543046,-6.0498429971540535
2022-02-01,Gasoline stations and fuel vendors,765070,12.349700134513597
2022-02-01,Clothing and clothing accessories retailers,355857,21.781253208309103
2022-02-01,"Sporting goods, hobby, musical instrument, book retailers and news dealers",213034,6.423347454240269
2022-02-01,Miscellaneous retailers,381683,0.48917264529717563
2022-03-01,All Retail Trade,8867370,1.936728522791853
2022-03-01,Motor vehicle and parts dealers,2099503,-4.27787689135839
2022-03-01,Building material and garden equipment and supplies dealers,591106,-15.80694048005652
2022-03-01,Food and beverage retailers,1839837,2.3772546553782137
2022-03-01,"Furniture, home furnishings stores, electronics and appliances retailers",550552,7.29644347346492
2022-03-01,General merchandise retailers,953575,6.913094955130306
2022-03-01,Health and personal care retailers,606664,-8.130070220231367
2022-03-01,Gasoline stations and fuel vendors,988708,16.145326736115994
2022-03-01,Clothing and clothing accessories retailers,434200,22.47753262212493
2022-03-01,"Sporting goods, hobby, musical instrument, book retailers and news dealers",245122,1.29008264462811
2022-03-01,Miscellaneous retailers,448083,10.319349827288637
2022-04-01,All Retail Trade,9002118,2.061277458936517
2022-04-01,Motor vehicle and parts dealers,2095334,-7.92011288644866
2022-04-01,Building material and garden equipment and supplies dealers,582836,-21.597124508667097
2022-04-01,Food and beverage retailers,1867858,1.6979070308106081
2022-04-01,"Furniture, home furnishings stores, electronics and appliances retailers",546071,12.588940914985791
2022-04-01,General merchandise retailers,1018750,7.152473631288214
2022-04-01,Health and personal care retailers,616307,1.6573774574892841
2022-04-01,Gasoline stations and fuel vendors,1050106,22.822431895988093
2022-04-01,Clothing and clothing accessories retailers,427045,20.601134717323212
2022-04-01,"Sporting goods, hobby, musical instrument, book retailers and news dealers",243590,-2.073978186846981
2022-04-01,Miscellaneous retailers,442306,15.993391377320876
2022-05-01,All Retail Trade,9365218,2.253398440609189
2022-05-01,Motor vehicle and parts dealers,2094840,-8.014179632388686
2022-05-01,Building material and garden equipment and supplies dealers,660868,-16.698955944987638
2022-05-01,Food and beverage retailers,1912119,-1.7368675025707714
2022-05-01,"Furniture, home furnishings stores, electronics and appliances retailers",549715,0.9497872527973072
2022-05-01,General merchandise retailers,1070396,5.774954642296692
2022-05-01,Health and personal care retailers,618657,-0.4000695493140083
2022-05-01,Gasoline stations and fuel vendors,1207481,43.02901728338906
2022-05-01,Clothing and clothing accessories retailers,433717,20.021861552723696
2022-05-01,"Sporting goods, hobby, musical instrument, book retailers and news dealers",250438,-0.21953153325444674
2022-05-01,Miscellaneous retailers,447797,9.423215079880954
2022-06-01,All Retail Trade,9665967,4.98779537150611
2022-06-01,Motor vehicle and parts dealers,2180169,-8.579600658008124
2022-06-01,Building material and garden equipment and supplies dealers,657267,-6.23237221325823
2022-06-01,Food and beverage retailers,1978466,4.398092571593204
2022-06-01,"Furniture, home furnishings stores, electronics and appliances retailers",554942,4.573840616579039
2022-06-01,General merchandise retailers,1088558,11.692224029222098
2022-06-01,Health and personal care retailers,616149,-1.1558440308396145
2022-06-01,Gasoline stations and fuel vendors,1247681,44.22140409078561
2022-06-01,Clothing and clothing accessories retailers,477462,5.529757339598573
2022-06-01,"Sporting goods, hobby, musical instrument, book retailers and news dealers",272605,10.630207255357927
2022-06-01,Miscellaneous retailers,470980,11.708284315585749
2022-07-01,All Retail Trade,9488052,2.774662371702985
2022-07-01,Motor vehicle and parts dealers,2044026,-9.778492242991154
2022-07-01,Building material and garden equipment and supplies dealers,594121,-5.436907111478961
2022-07-01,Food and beverage retailers,2107977,4.408690186615227
2022-07-01,"Furniture, home furnishings stores, electronics and appliances retailers",544683,1.5332048361661021
2022-07-01,General merchandise retailers,1105133,12.09416399481893
2022-07-01,Health and personal care retailers,602325,0.8269374021778297
2022-07-01,Gasoline stations and fuel vendors,1159063,16.058917476481582
2022-07-01,Clothing and clothing accessories retailers,473979,11.700563240873851
2022-07-01,"Sporting goods, hobby, musical instrument, book retailers and news dealers",280965,15.489906733365943
2022-07-01,Miscellaneous retailers,459558,6.1867032669952415
2022-08-01,All Retail Trade,9632847,7.456108842396092
2022-08-01,Motor vehicle and parts dealers,2336458,6.554459816412006
2022-08-01,Building material and garden equipment and supplies dealers,597180,5.228472550166696
2022-08-01,Food and beverage retailers,2013836,6.41911726238571
2022-08-01,"Furniture, home furnishings stores, electronics and appliances retailers",567712,6.432895449747744
2022-08-01,General merchandise retailers,1039041,8.329128229936433
2022-08-01,Health and personal care retailers,590085,-1.196521948793683
2022-08-01,Gasoline stations and fuel vendors,1153490,16.95846544296058
2022-08-01,Clothing and clothing accessories retailers,451749,6.538796244543343
2022-08-01,"Sporting goods, hobby, musical instrument, book retailers and news dealers",289453,18.276841352538554
2022-08-01,Miscellaneous retailers,471983,4.435342901017392
2022-09-01,All Retail Trade,9060725,3.1351839267685033
2022-09-01,Motor vehicle and parts dealers,1885994,-11.155026022332848
2022-09-01,Building material and garden equipment and supplies dealers,567660,-2.0324901585504596
2022-09-01,Food and beverage retailers,1924341,3.653795189678677
2022-09-01,"Furniture, home furnishings stores, electronics and appliances retailers",585612,6.6362206100865295
2022-09-01,General merchandise retailers,1015832,6.634475084765334
2022-09-01,Health and personal care retailers,594324,-3.4085977991116456
2022-09-01,Gasoline stations and fuel vendors,1096407,25.90888315721054
2022-09-01,Clothing and clothing accessories retailers,479696,9.700716022109557
2022-09-01,"Sporting goods, hobby, musical instrument, book retailers and news dealers",297720,22.119494327177858
2022-09-01,Miscellaneous retailers,492323,9.181894792867906
2022-10-01,All Retail Trade,9050404,2.4745189517313415
2022-10-01,Motor vehicle and parts dealers,1880640,-9.011122991547694
2022-10-01,Building material and garden equipment and supplies dealers,529322,-3.731105764071896
2022-10-01,Food and beverage retailers,1997204,3.714866737153022
2022-10-01,"Furniture, home furnishings stores, electronics and appliances retailers",540789,1.3328311559822836
2022-10-01,General merchandise retailers,1076304,5.592983385575323
2022-10-01,Health and personal care retailers,611924,0.113377757345412
2022-10-01,Gasoline stations and fuel vendors,1105551,25.085960809338424
2022-10-01,Clothing and clothing accessories retailers,477355,5.939754677745457
2022-10-01,"Sporting goods, hobby, musical instrument, book retailers and news dealers",270870,5.934390839121462
2022-10-01,Miscellaneous retailers,439653,1.993694598651219
2022-11-01,All Retail Trade,9292086,5.401732057029851
2022-11-01,Motor vehicle and parts dealers,1996731,4.517742929183743
2022-11-01,Building material and garden equipment and supplies dealers,485589,-5.773813219907476
2022-11-01,Food and beverage retailers,1867531,1.7133859674348217
2022-11-01,"Furniture, home furnishings stores, electronics and appliances retailers",662937,1.342495280170608
2022-11-01,General merchandise retailers,1150539,7.528114775011696
2022-11-01,Health and personal care retailers,647784,-0.8130529449053236
2022-11-01,Gasoline stations and fuel vendors,1007392,19.557701824948758
2022-11-01,Clothing and clothing accessories retailers,596994,16.12635919780583
2022-11-01,"Sporting goods, hobby, musical instrument, book retailers and news dealers",280917,-0.5631698925340212
2022-11-01,Miscellaneous retailers,464581,10.470123576563006
2022-12-01,All Retail Trade,9447652,2.403381430444096
2022-12-01,Motor vehicle and parts dealers,1596838,-10.268424092984151
2022-12-01,Building material and garden equipment and supplies dealers,402517,-11.569708686673408
2022-12-01,Food and beverage retailers,2207555,5.947603916052224
2022-12-01,"Furniture, home furnishings stores, electronics and appliances retailers",720983,7.144364459926167
2022-12-01,General merchandise retailers,1263406,8.921728290116304
2022-12-01,Health and personal care retailers,725666,-1.7059030693793553
2022-12-01,Gasoline stations and fuel vendors,805101,6.154472959716473
2022-12-01,Clothing and clothing accessories retailers,677519,13.001759609049902
2022-12-01,"Sporting goods, hobby, musical instrument, book retailers and news dealers",386678,17.49023897421873
2022-12-01,Miscellaneous retailers,481571,1.681133593322759
2023-01-01,All Retail Trade,7828346,3.7150141250479107
2023-01-01,Motor vehicle and parts dealers,1758640,-0.8380589150398965
2023-01-01,Building material and garden equipment and supplies dealers,371363,-7.629186513611996
2023-01-01,Food and beverage retailers,1802310,7.563351197794188
2023-01-01,"Furniture, home furnishings stores, electronics and appliances retailers",468360,-4.756288269015285
2023-01-01,General merchandise retailers,874026,9.09206647178793
2023-01-01,Health and personal care retailers,610272,3.6375863544659826
2023-01-01,Gasoline stations and fuel vendors,838424,12.210581540388766
2023-01-01,Clothing and clothing accessories retailers,429320,21.017707845911858
2023-01-01,"Sporting goods, hobby, musical instrument, book retailers and news dealers",228158,5.559796614247192
2023-01-01,Miscellaneous retailers,360076,-13.538460060798451
2023-02-01,All Retail Trade,7367614,-1.3542278381492578
2023-02-01,Motor vehicle and parts dealers,1594688,-8.775249744434921
2023-02-01,Building material and garden equipment and supplies dealers,329743,-30.082164477380914
2023-02-01,Food and beverage retailers,1739899,8.030349597811949
2023-02-01,"Furniture, home furnishings stores, electronics and appliances retailers",461570,-1.3524315128510933
2023-02-01,General merchandise retailers,849422,3.782324228891887
2023-02-01,Health and personal care retailers,596257,9.798617428357815
2023-02-01,Gasoline stations and fuel vendors,800905,4.683885134693555
2023-02-01,Clothing and clothing accessories retailers,387383,8.859176579356308
2023-02-01,"Sporting goods, hobby, musical instrument, book retailers and news dealers",184775,-13.265018729404698
2023-02-01,Miscellaneous retailers,327646,-14.157560069481745
2023-03-01,All Retail Trade,9121172,2.862201532134101
2023-03-01,Motor vehicle and parts dealers,2249319,7.135784040318116
2023-03-01,Building material and garden equipment and supplies dealers,461059,-22.00062256177403
2023-03-01,Food and beverage retailers,1932915,5.0590351210460405
2023-03-01,"Furniture, home furnishings stores, electronics and appliances retailers",551108,0.10098955230386508
2023-03-01,General merchandise retailers,1021282,7.100332957554456
2023-03-01,Health and personal care retailers,695585,14.657372120317014
2023-03-01,Gasoline stations and fuel vendors,942577,-4.665786056146004
2023-03-01,Clothing and clothing accessories retailers,473047,8.946798710271775
2023-03-01,"Sporting goods, hobby, musical instrument, book retailers and news dealers",233256,-4.8408547580388595
2023-03-01,Miscellaneous retailers,449908,0.4072906135693666
2023-04-01,All Retail Trade,8689190,-3.4761597215233087
2023-04-01,Motor vehicle and parts dealers,2065039,-1.4458315476196137
2023-04-01,Building material and garden equipment and supplies dealers,473739,-18.718301546232563
2023-04-01,Food and beverage retailers,1867082,-0.04154491401380245
2023-04-01,"Furniture, home furnishings stores, electronics and appliances retailers",498919,-8.63477459890747
2023-04-01,General merchandise retailers,1093696,7.356662576687123
2023-04-01,Health and personal care retailers,653761,6.077166087680319
2023-04-01,Gasoline stations and fuel vendors,863303,-17.78896606628283
2023-04-01,Clothing and clothing accessories retailers,481618,12.779215305178603
2023-04-01,"Sporting goods, hobby, musical instrument, book retailers and news dealers",232913,-4.383184859805411
2023-04-01,Miscellaneous retailers,342963,-22.460242456579838
2023-05-01,All Retail Trade,9635151,2.8822927560255396
2023-05-01,Motor vehicle and parts dealers,2303299,9.95107024880182
2023-05-01,Building material and garden equipment and supplies dealers,592040,-10.414787824497484
2023-05-01,Food and beverage retailers,2022815,5.789179439145786
2023-05-01,"Furniture, home furnishings stores, electronics and appliances retailers",519430,-5.5092184131777415
2023-05-01,General merchandise retailers,1185621,10.764707640910466
2023-05-01,Health and personal care retailers,710772,14.88951066584554
2023-05-01,Gasoline stations and fuel vendors,957644,-20.69076035150864
2023-05-01,Clothing and clothing accessories retailers,563123,29.83650629327419
2023-05-01,"Sporting goods, hobby, musical instrument, book retailers and news dealers",242284,-3.255895670784781
2023-05-01,Miscellaneous retailers,398552,-10.99717059292492
2023-06-01,All Retail Trade,9254139,-4.260598034319796
2023-06-01,Motor vehicle and parts dealers,2099560,-3.6973739191778265
2023-06-01,Building material and garden equipment and supplies dealers,553961,-15.717509018404996
2023-06-01,Food and beverage retailers,2044270,3.326011162183229
2023-06-01,"Furniture, home furnishings stores, electronics and appliances retailers",511747,-7.7836963142094096
2023-06-01,General merchandise retailers,1109616,1.9344858059928915
2023-06-01,Health and personal care retailers,679896,10.346036429500005
2023-06-01,Gasoline stations and fuel vendors,964461,-22.69971250664232
2023-06-01,Clothing and clothing accessories retailers,505408,5.853031235993655
2023-06-01,"Sporting goods, hobby, musical instrument, book retailers and news dealers",238550,-12.492434107958406
2023-06-01,Miscellaneous retailers,419248,-10.98390589833963
2023-07-01,All Retail Trade,9377713,-1.162925751250099
2023-07-01,Motor vehicle and parts dealers,2179817,6.643310799373392
2023-07-01,Building material and garden equipment and supplies dealers,498691,-16.062384598423552
2023-07-01,Food and beverage retailers,2089856,-0.8596393603915065
2023-07-01,"Furniture, home furnishings stores, electronics and appliances retailers",505489,-7.195745048037116
2023-07-01,General merchandise retailers,1153603,4.38589744401805
2023-07-01,Health and personal care retailers,644309,6.97032333042793
2023-07-01,Gasoline stations and fuel vendors,1022046,-11.82135914958894
2023-07-01,Clothing and clothing accessories retailers,495630,4.567923895362447
2023-07-01,"Sporting goods, hobby, musical instrument, book retailers and news dealers",250449,-10.86113928781165
2023-07-01,Miscellaneous retailers,402579,-12.398652618385498
2023-08-01,All Retail Trade,9475381,-1.6346776814788022
2023-08-01,Motor vehicle and parts dealers,2196827,-5.976182751840609
2023-08-01,Building material and garden equipment and supplies dealers,482180,-19.257175391004388
2023-08-01,Food and beverage retailers,2051591,1.874780270091514
2023-08-01,"Furniture, home furnishings stores, electronics and appliances retailers",535281,-5.71257961783439
2023-08-01,General merchandise retailers,1122109,7.99467970946286
2023-08-01,Health and personal care retailers,693407,17.50968080869706
2023-08-01,Gasoline stations and fuel vendors,1062403,-7.89664409747809
2023-08-01,Clothing and clothing accessories retailers,510150,12.92775412895213
2023-08-01,"Sporting goods, hobby, musical instrument, book retailers and news dealers",253545,-12.40546824527643
2023-08-01,Miscellaneous retailers,438640,-7.064449355167457
2023-09-01,All Retail Trade,9139634,0.8708905744297502
2023-09-01,Motor vehicle and parts dealers,2119975,12.406243073944022
2023-09-01,Building material and garden equipment and supplies dealers,467402,-17.661628439558896
2023-09-01,Food and beverage retailers,1946058,1.1285421866498613
2023-09-01,"Furniture, home furnishings stores, electronics and appliances retailers",534670,-8.698933765018479
2023-09-01,General merchandise retailers,1092492,7.546523440883934
2023-09-01,Health and personal care retailers,690704,16.216743729009764
2023-09-01,Gasoline stations and fuel vendors,969054,-11.615485855161445
2023-09-01,Clothing and clothing accessories retailers,530918,10.678012741402899
2023-09-01,"Sporting goods, hobby, musical instrument, book retailers and news dealers",253084,-14.99261050651619
2023-09-01,Miscellaneous retailers,406550,-17.422098906612128
2023-10-01,All Retail Trade,8943242,-1.1840576398578495
2023-10-01,Motor vehicle and parts dealers,2023961,7.620863110430487
2023-10-01,Building material and garden equipment and supplies dealers,504652,-4.660679132928536
2023-10-01,Food and beverage retailers,1883991,-5.668574667385007
2023-10-01,"Furniture, home furnishings stores, electronics and appliances retailers",517410,-4.323127874272592
2023-10-01,General merchandise retailers,1132245,5.197509253891086
2023-10-01,Health and personal care retailers,669553,9.417672782894604
2023-10-01,Gasoline stations and fuel vendors,961737,-13.00835510980497
2023-10-01,Clothing and clothing accessories retailers,515388,7.967445611756441
2023-10-01,"Sporting goods, hobby, musical instrument, book retailers and news dealers",230179,-15.022335437663825
2023-10-01,Miscellaneous retailers,379252,-13.738334550202092
2023-11-01,All Retail Trade,9303396,0.12171648002397006
2023-11-01,Motor vehicle and parts dealers,1975453,-1.0656417915082206
2023-11-01,Building material and garden equipment and supplies dealers,482315,-0.6742327359145261
2023-11-01,Food and beverage retailers,1844570,-1.229484276298487
2023-11-01,"Furniture, home furnishings stores, electronics and appliances retailers",664479,0.23260128790518753
2023-11-01,General merchandise retailers,1158318,0.6761178890937192
2023-11-01,Health and personal care retailers,735746,13.57890901905574
2023-11-01,Gasoline stations and fuel vendors,938467,-6.841924494139318
2023-11-01,Clothing and clothing accessories retailers,668865,12.038814460446833
2023-11-01,"Sporting goods, hobby, musical instrument, book retailers and news dealers",287247,2.253334614850644
2023-11-01,Miscellaneous retailers,404748,-12.87891670128567
2023-12-01,All Retail Trade,9631054,1.9412442371924854
2023-12-01,Motor vehicle and parts dealers,1752141,9.725657831289091
2023-12-01,Building material and garden equipment and supplies dealers,374513,-6.9572216825624755
2023-12-01,Food and beverage retailers,2188528,-0.8619037804267649
2023-12-01,"Furniture, home furnishings stores, electronics and appliances retailers",649079,-9.973050682193618
2023-12-01,General merchandise retailers,1309565,3.653536551195735
2023-12-01,Health and personal care retailers,823114,13.428767504609551
2023-12-01,Gasoline stations and fuel vendors,873572,8.504647243016716
2023-12-01,Clothing and clothing accessories retailers,723340,6.7630575673892634
2023-12-01,"Sporting goods, hobby, musical instrument, book retailers and news dealers",336610,-12.948241172241504
2023-12-01,Miscellaneous retailers,417160,-13.375182475688941
2024-01-01,All Retail Trade,7668634,-2.0401755364415464
2024-01-01,Motor vehicle and parts dealers,1688979,-3.9610721921484737
2024-01-01,Building material and garden equipment and supplies dealers,394178,6.143584578969907
2024-01-01,Food and beverage retailers,1777672,-1.3670234310412699
2024-01-01,"Furniture, home furnishings stores, electronics and appliances retailers",463409,-1.0570928345716935
2024-01-01,General merchandise retailers,907050,3.7783773022770584
2024-01-01,Health and personal care retailers,661417,8.380689266425456
2024-01-01,Gasoline stations and fuel vendors,763443,-8.94308846120817
2024-01-01,Clothing and clothing accessories retailers,390096,-9.136308581011832
2024-01-01,"Sporting goods, hobby, musical instrument, book retailers and news dealers",200600,-12.078471936114443
2024-01-01,Miscellaneous retailers,331805,-7.851398038191936
2024-02-01,All Retail Trade,7802379,5.901028474075876
2024-02-01,Motor vehicle and parts dealers,1806661,13.292443412128275
2024-02-01,Building material and garden equipment and supplies dealers,401090,21.637153783401008
2024-02-01,Food and beverage retailers,1780205,2.316571249250665
2024-02-01,"Furniture, home furnishings stores, electronics and appliances retailers",472322,2.329440821543871
2024-02-01,General merchandise retailers,957901,12.770919519390823
2024-02-01,Health and personal care retailers,671858,12.679264142810908
2024-02-01,Gasoline stations and fuel vendors,734154,-8.334446657219019
2024-02-01,Clothing and clothing accessories retailers,392840,1.4086833960189171
2024-02-01,"Sporting goods, hobby, musical instrument, book retailers and news dealers",188952,2.260587200649433
2024-02-01,Miscellaneous retailers,297688,-9.143404772223684
2024-03-01,All Retail Trade,8891189,-2.521419396542457
2024-03-01,Motor vehicle and parts dealers,2148921,-4.463484281242458
2024-03-01,Building material and garden equipment and supplies dealers,509338,10.471327964533828
2024-03-01,Food and beverage retailers,1961375,1.472387559721966
2024-03-01,"Furniture, home furnishings stores, electronics and appliances retailers",501769,-8.952691668420709
2024-03-01,General merchandise retailers,1062535,4.0393348751862845
2024-03-01,Health and personal care retailers,719801,3.481386171352163
2024-03-01,Gasoline stations and fuel vendors,853627,-9.436894810715735
2024-03-01,Clothing and clothing accessories retailers,458824,-3.0066779833716306
2024-03-01,"Sporting goods, hobby, musical instrument, book retailers and news dealers",221607,-4.994083753472578
2024-03-01,Miscellaneous retailers,338603,-24.73950229824764
